INSERT INTO drivers (id, name, lastname, number, team) VALUES (1, 'Max', 'Verstappen', 1, 'Red_Bull_Racing');
INSERT INTO drivers (id, name, lastname, number, team) VALUES (4, 'Lando', 'Norris', 4, 'McLaren');
INSERT INTO drivers (id, name, lastname, number, team) VALUES (16, 'Charles', 'Leclerc', 16, 'Ferrari');
INSERT INTO drivers (id, name, lastname, number, team) VALUES (55, 'Carlos', 'Sainz', 55, 'Ferrari');
INSERT INTO drivers (id, name, lastname, number, team) VALUES (81, 'Oscar', 'Piastri', 81, 'McLaren');
INSERT INTO drivers (id, name, lastname, number, team) VALUES (44, 'Lewis', 'Hamilton', 44, 'Mercedes');
INSERT INTO drivers (id, name, lastname, number, team) VALUES (11, 'Sergio', 'Perez', 11, 'Red_Bull_Racing');
INSERT INTO drivers (id, name, lastname, number, team) VALUES (63, 'George', 'Russell', 63, 'Mercedes');
INSERT INTO drivers (id, name, lastname, number, team) VALUES (14, 'Fernando', 'Alonso', 14, 'Aston_Martin');
INSERT INTO drivers (id, name, lastname, number, team) VALUES (18, 'Lance', 'Stroll', 18, 'Aston_Martin');
INSERT INTO drivers (id, name, lastname, number, team) VALUES (27, 'Nico', 'Hulkenberg', 27, 'Haas');
INSERT INTO drivers (id, name, lastname, number, team) VALUES (22, 'Yuki', 'Tsunoda', 22, 'RB');
INSERT INTO drivers (id, name, lastname, number, team) VALUES (3, 'Daniel', 'Ricciardo', 3, 'RB');
INSERT INTO drivers (id, name, lastname, number, team) VALUES (20, 'Kevin', 'Magnussen', 20, 'Haas');
INSERT INTO drivers (id, name, lastname, number, team) VALUES (10, 'Pierre', 'Gasly', 10, 'Alpine');
INSERT INTO drivers (id, name, lastname, number, team) VALUES (23, 'Alexander', 'Albon', 23, 'Williams');
INSERT INTO drivers (id, name, lastname, number, team) VALUES (31, 'Esteban', 'Ocon', 31, 'Alpine');
INSERT INTO drivers (id, name, lastname, number, team) VALUES (24, 'Zhou', 'Guanyu', 24, 'Kick_Sauber');
INSERT INTO drivers (id, name, lastname, number, team) VALUES (2, 'Logan', 'Sargeant', 2, 'Williams');
INSERT INTO drivers (id, name, lastname, number, team) VALUES (77, 'Valtteri', 'Bottas', 77, 'Kick_Sauber');

INSERT INTO races (id, name, race_date, circuit) VALUES (1, 'GULF AIR BAHRAIN GRAND PRIX', '2024-03-02', 'Bahrain International Circuit, Sakhir');
INSERT INTO races (id, name, race_date, circuit) VALUES (2, 'STC SAUDI ARABIAN GRAND PRIX', '2024-03-09', 'Jeddah Corniche Circuit, Jeddah');
INSERT INTO races (id, name, race_date, circuit) VALUES (3, 'ROLEX AUSTRALIAN GRAND PRIX', '2024-03-24', 'Albert Park Grand Prix Circuit, Melbourne');
INSERT INTO races (id, name, race_date, circuit) VALUES (4, 'MSC CRUISES JAPANESE GRAND PRIX', '2024-04-07', 'Suzuka Circuit, Suzuka');
INSERT INTO races (id, name, race_date, circuit) VALUES (5, 'LENOVO CHINESE GRAND PRIX', '2024-04-21', 'Shanghai International Circuit, Shanghai');
INSERT INTO races (id, name, race_date, circuit) VALUES (6, 'CRYPTO.COM MIAMI GRAND PRIX', '2024-05-05', 'Miami International Autodrome, Miami');
INSERT INTO races (id, name, race_date, circuit) VALUES (7, 'CRUISES GRAN PREMIO DEL MADE IN ITALY E DELL''EMILIA-ROMAGNA', '2024-05-19', 'Autodromo Internazionale Enzo e Dino Ferrari, Imola');
INSERT INTO races (id, name, race_date, circuit) VALUES (8, 'GRAND PRIX DE MONACO', '2024-05-26', 'Circuit de Monaco, Monaco');
INSERT INTO races (id, name, race_date, circuit) VALUES (9, 'AWS GRAND PRIX DU CANADA', '2024-06-09', 'Circuit Gilles-Villeneuve, Montréal');
INSERT INTO races (id, name, race_date, circuit) VALUES (10, 'ARAMCO GRAN PREMIO DE ESPAÑA', '2024-06-23', 'Circuit de Barcelona-Catalunya, Barcelona');
INSERT INTO races (id, name, race_date, circuit) VALUES (11, 'QATAR AIRWAYS AUSTRIAN GRAND PRIX', '2024-06-30', 'Red Bull Ring, Spielberg');
INSERT INTO races (id, name, race_date, circuit) VALUES (12, 'QATAR AIRWAYS BRITISH GRAND PRIX', '2024-07-07', 'Silverstone Circuit, Silverstone');
INSERT INTO races (id, name, race_date, circuit) VALUES (13, 'HUNGARIAN GRAND PRIX', '2024-07-21', 'Hungaroring, Budapest');
INSERT INTO races (id, name, race_date, circuit) VALUES (14, 'ROLEX BELGIAN GRAND PRIX', '2024-07-28', 'Circuit de Spa-Francorchamps, Spa-Francorchamps');
INSERT INTO races (id, name, race_date, circuit) VALUES (15, 'HEINEKEN DUTCH GRAND PRIX', '2024-08-25', 'Circuit Zandvoort, Zandvoort');
INSERT INTO races (id, name, race_date, circuit) VALUES (16, 'PIRELLI GRAN PREMIO D’ITALIA', '2024-09-01', 'Autodromo Nazionale Monza, Monza');
INSERT INTO races (id, name, race_date, circuit) VALUES (17, 'QATAR AIRWAYS AZERBAIJAN GRAND PRIX', '2024-09-15', 'Baku City Circuit, Baku');
INSERT INTO races (id, name, race_date, circuit) VALUES (18, 'SINGAPORE AIRLINES SINGAPORE GRAND PRIX', '2024-09-22', 'Marina Bay Street Circuit, Marina Bay');
INSERT INTO races (id, name, race_date, circuit) VALUES (19, 'PIRELLI UNITED STATES GRAND PRIX', '2024-10-20', 'Circuit of The Americas, Austin');
INSERT INTO races (id, name, race_date, circuit) VALUES (20, 'GRAN PREMIO DE LA CIUDAD DE MÉXICO', '2024-10-27', 'Autódromo Hermanos Rodríguez, Mexico City');
INSERT INTO races (id, name, race_date, circuit) VALUES (21, 'LENOVO GRANDE PRÊMIO DE SÃO PAULO', '2024-11-03', 'Autódromo José Carlos Pace, São Paulo');
INSERT INTO races (id, name, race_date, circuit) VALUES (22, 'HEINEKEN SILVER LAS VEGAS GRAND PRIX', '2024-11-23', 'Las Vegas Strip Circuit, Las Vegas');
INSERT INTO races (id, name, race_date, circuit) VALUES (23, 'QATAR AIRWAYS QATAR GRAND PRIX', '2024-12-01', 'Lusail International Circuit, Lusail');
INSERT INTO races (id, name, race_date, circuit) VALUES (24, 'ETIHAD AIRWAYS ABU DHABI GRAND PRIX', '2024-12-08', 'Yas Marina Circuit, Yas Island');

INSERT INTO phases (id, race_id, phase_stage, start_date_time, end_date_time, phase_status)
VALUES (1001, 13, 'Q1', '2024-07-20 11:00:00', '2024-07-20 11:18:00', 'FINISHED');
INSERT INTO phases (id, race_id, phase_stage, start_date_time, end_date_time, phase_status)
VALUES (1002, 13, 'Q2', '2024-07-20 12:00:00', '2024-07-20 12:15:00', 'FINISHED');
INSERT INTO phases (id, race_id, phase_stage, start_date_time, end_date_time, phase_status)
VALUES (1003, 13, 'Q3', '2024-07-20 13:00:00', '2024-07-20 13:12:00', 'FINISHED');
INSERT INTO phases (id, race_id, phase_stage, start_date_time, end_date_time, phase_status)
VALUES (1004, 13, 'R', '2024-07-21 13:00:00', null, 'FINISHED');
INSERT INTO phases (id, race_id, phase_stage, start_date_time, end_date_time, phase_status)
VALUES (1005, 14, 'Q1', '2024-07-28 11:00:00', '2024-07-28 11:18:00', 'PENDING');
INSERT INTO phases (id, race_id, phase_stage, start_date_time, end_date_time, phase_status)
VALUES (1006, 14, 'Q2', '2024-07-28 12:00:00', '2024-07-28 12:15:00', 'PENDING');
INSERT INTO phases (id, race_id, phase_stage, start_date_time, end_date_time, phase_status)
VALUES (1007, 14, 'Q3', '2024-07-28 13:00:00', '2024-07-28 13:12:00', 'PENDING');
INSERT INTO phases (id, race_id, phase_stage, start_date_time, end_date_time, phase_status)
VALUES (1008, 14, 'R', '2024-07-29 13:00:00', null, 'PENDING');

INSERT INTO phase_results (id, phase_id, position, driver_id, time, laps)
VALUES (1001, 1001, 1, 4, 77755000000, 2);
INSERT INTO phase_results (id, phase_id, position, driver_id, time, laps)
VALUES (1002, 1001, 2, 81, 77504000000, 1);
INSERT INTO phase_results (id, phase_id, position, driver_id, time, laps)
VALUES (1003, 1001, 3, 1, 77087000000, 1);
INSERT INTO phase_results (id, phase_id, position, driver_id, time, laps)
VALUES (1004, 1001, 4, 55, 77244000000, 1);
INSERT INTO phase_results (id, phase_id, position, driver_id, time, laps)
VALUES (1005, 1001, 5, 44, 77087000000, 1);
INSERT INTO phase_results (id, phase_id, position, driver_id, time, laps)
VALUES (1006, 1001, 6, 16, 77437000000, 1);
INSERT INTO phase_results (id, phase_id, position, driver_id, time, laps)
VALUES (1007, 1001, 7, 14, 77624000000, 1);
INSERT INTO phase_results (id, phase_id, position, driver_id, time, laps)
VALUES (1008, 1001, 8, 18, 77405000000, 1);
INSERT INTO phase_results (id, phase_id, position, driver_id, time, laps)
VALUES (1009, 1001, 9, 3, 77050000000, 1);
INSERT INTO phase_results (id, phase_id, position, driver_id, time, laps)
VALUES (1010, 1001, 10, 22, 77436000000, 1);
INSERT INTO phase_results (id, phase_id, position, driver_id, time, laps)
VALUES (1011, 1001, 11, 27, 77362000000, 1);
INSERT INTO phase_results (id, phase_id, position, driver_id, time, laps)
VALUES (1012, 1001, 12, 77, 77487000000, 1);
INSERT INTO phase_results (id, phase_id, position, driver_id, time, laps)
VALUES (1013, 1001, 13, 23, 77280000000, 1);
INSERT INTO phase_results (id, phase_id, position, driver_id, time, laps)
VALUES (1014, 1001, 14, 2, 77770000000, 1);
INSERT INTO phase_results (id, phase_id, position, driver_id, time, laps)
VALUES (1015, 1001, 15, 20, 77851000000, 1);
INSERT INTO phase_results (id, phase_id, position, driver_id, time, laps)
VALUES (1016, 1001, 16, 11, 77886000000, 1);
INSERT INTO phase_results (id, phase_id, position, driver_id, time, laps)
VALUES (1017, 1001, 17, 63, 77968000000, 1);
INSERT INTO phase_results (id, phase_id, position, driver_id, time, laps)
VALUES (1018, 1001, 18, 24, 78037000000, 1);
INSERT INTO phase_results (id, phase_id, position, driver_id, time, laps)
VALUES (1019, 1001, 19, 31, 78049000000, 1);
INSERT INTO phase_results (id, phase_id, position, driver_id, time, laps)
VALUES (1020, 1001, 20, 10, 78166000000, 1);
INSERT INTO phase_results (id, phase_id, position, driver_id, time, laps)
VALUES (1021, 1002, 1, 4, 75540000000, 2);
INSERT INTO phase_results (id, phase_id, position, driver_id, time, laps)
VALUES (1022, 1002, 2, 81, 75785000000, 1);
INSERT INTO phase_results (id, phase_id, position, driver_id, time, laps)
VALUES (1023, 1002, 3, 1, 75770000000, 1);
INSERT INTO phase_results (id, phase_id, position, driver_id, time, laps)
VALUES (1024, 1002, 4, 55, 75885000000, 1);
INSERT INTO phase_results (id, phase_id, position, driver_id, time, laps)
VALUES (1025, 1002, 5, 44, 76307000000, 1);
INSERT INTO phase_results (id, phase_id, position, driver_id, time, laps)
VALUES (1026, 1002, 6, 16, 75891000000, 1);
INSERT INTO phase_results (id, phase_id, position, driver_id, time, laps)
VALUES (1027, 1002, 7, 14, 76117000000, 1);
INSERT INTO phase_results (id, phase_id, position, driver_id, time, laps)
VALUES (1028, 1002, 8, 18, 76075000000, 1);
INSERT INTO phase_results (id, phase_id, position, driver_id, time, laps)
VALUES (1029, 1002, 9, 3, 76202000000, 1);
INSERT INTO phase_results (id, phase_id, position, driver_id, time, laps)
VALUES (1030, 1002, 10, 22, 76121000000, 1);
INSERT INTO phase_results (id, phase_id, position, driver_id, time, laps)
VALUES (1031, 1002, 11, 27, 76317000000, 1);
INSERT INTO phase_results (id, phase_id, position, driver_id, time, laps)
VALUES (1032, 1002, 12, 77, 76384000000, 1);
INSERT INTO phase_results (id, phase_id, position, driver_id, time, laps)
VALUES (1033, 1002, 13, 23, 76429000000, 1);
INSERT INTO phase_results (id, phase_id, position, driver_id, time, laps)
VALUES (1034, 1002, 14, 2, 76543000000, 1);
INSERT INTO phase_results (id, phase_id, position, driver_id, time, laps)
VALUES (1035, 1002, 15, 20, 76548000000, 1);
INSERT INTO phase_results (id, phase_id, position, driver_id, time, laps)
VALUES (1036, 1003, 1, 4, 75227000000, 1);
INSERT INTO phase_results (id, phase_id, position, driver_id, time, laps)
VALUES (1037, 1003, 2, 81, 75249000000, 1);
INSERT INTO phase_results (id, phase_id, position, driver_id, time, laps)
VALUES (1038, 1003, 3, 1, 75273000000, 1);
INSERT INTO phase_results (id, phase_id, position, driver_id, time, laps)
VALUES (1039, 1003, 4, 55, 75696000000, 1);
INSERT INTO phase_results (id, phase_id, position, driver_id, time, laps)
VALUES (1040, 1003, 5, 44, 75854000000, 1);
INSERT INTO phase_results (id, phase_id, position, driver_id, time, laps)
VALUES (1041, 1003, 6, 16, 75905000000, 1);
INSERT INTO phase_results (id, phase_id, position, driver_id, time, laps)
VALUES (1042, 1003, 7, 14, 76043000000, 1);
INSERT INTO phase_results (id, phase_id, position, driver_id, time, laps)
VALUES (1043, 1003, 8, 18, 76244000000, 1);
INSERT INTO phase_results (id, phase_id, position, driver_id, time, laps)
VALUES (1044, 1003, 9, 3, 76447000000, 1);
INSERT INTO phase_results (id, phase_id, position, driver_id, time, laps)
VALUES (1045, 1003, 10, 22, 76447000000, 1);

INSERT INTO phase_result_details (id, phase_result_id, driver_id, lap, time) VALUES (1001, 1001, 2, 1, 77755000000);
INSERT INTO phase_result_details (id, phase_result_id, driver_id, lap, time) VALUES (1002, 1001, 2, 2, 79755000000);

INSERT INTO starting_grids (id, phase_id, position, driver_id) VALUES (1001, 1004, 1, 4);
INSERT INTO starting_grids (id, phase_id, position, driver_id) VALUES (1002, 1004, 1, 81);
INSERT INTO starting_grids (id, phase_id, position, driver_id) VALUES (1003, 1004, 1, 1);
INSERT INTO starting_grids (id, phase_id, position, driver_id) VALUES (1004, 1004, 1, 55);
INSERT INTO starting_grids (id, phase_id, position, driver_id) VALUES (1005, 1004, 1, 44);
INSERT INTO starting_grids (id, phase_id, position, driver_id) VALUES (1006, 1004, 1, 16);
INSERT INTO starting_grids (id, phase_id, position, driver_id) VALUES (1007, 1004, 1, 14);
INSERT INTO starting_grids (id, phase_id, position, driver_id) VALUES (1008, 1004, 1, 18);
INSERT INTO starting_grids (id, phase_id, position, driver_id) VALUES (1009, 1004, 1, 3);
INSERT INTO starting_grids (id, phase_id, position, driver_id) VALUES (1010, 1004, 1, 22);
INSERT INTO starting_grids (id, phase_id, position, driver_id) VALUES (1011, 1004, 1, 27);
INSERT INTO starting_grids (id, phase_id, position, driver_id) VALUES (1012, 1004, 1, 77);
INSERT INTO starting_grids (id, phase_id, position, driver_id) VALUES (1013, 1004, 1, 23);
INSERT INTO starting_grids (id, phase_id, position, driver_id) VALUES (1014, 1004, 1, 2);
INSERT INTO starting_grids (id, phase_id, position, driver_id) VALUES (1015, 1004, 1, 20);
INSERT INTO starting_grids (id, phase_id, position, driver_id) VALUES (1016, 1004, 1, 11);
INSERT INTO starting_grids (id, phase_id, position, driver_id) VALUES (1017, 1004, 1, 63);
INSERT INTO starting_grids (id, phase_id, position, driver_id) VALUES (1018, 1004, 1, 24);
INSERT INTO starting_grids (id, phase_id, position, driver_id) VALUES (1019, 1004, 1, 31);
INSERT INTO starting_grids (id, phase_id, position, driver_id) VALUES (1020, 1004, 1, 10);
